<?xml version="1.0" encoding="UTF-8"?>
<metadata modelVersion="1.1.0">
  <groupId>org.opendaylight.infrautils</groupId>
  <artifactId>infrautils-features</artifactId>
  <version>1.0.0-SNAPSHOT</version>
  <versioning>
    <snapshot>
      <localCopy>true</localCopy>
    </snapshot>
    <lastUpdated>20160529082626</lastUpdated>
    <snapshotVersions>
      <snapshotVersion>
        <extension>pom</extension>
        <value>1.0.0-SNAPSHOT</value>
        <updated>20160529082626</updated>
      </snapshotVersion>
      <snapshotVersion>
        <classifier>features</classifier>
        <extension>xml</extension>
        <value>1.0.0-SNAPSHOT</value>
        <updated>20160529082626</updated>
      </snapshotVersion>
    </snapshotVersions>
  </versioning>
</metadata>
