<?xml version="1.0" encoding="UTF-8"?>
<metadata modelVersion="1.1.0">
  <groupId>org.opendaylight.odlparent</groupId>
  <artifactId>odlparent</artifactId>
  <version>1.7.0-SNAPSHOT</version>
  <versioning>
    <snapshot>
      <localCopy>true</localCopy>
    </snapshot>
    <lastUpdated>20160529082626</lastUpdated>
    <snapshotVersions>
      <snapshotVersion>
        <extension>pom</extension>
        <value>1.7.0-SNAPSHOT</value>
        <updated>20160529082626</updated>
      </snapshotVersion>
    </snapshotVersions>
  </versioning>
</metadata>
