<?xml version="1.0" encoding="UTF-8"?>
<metadata>
  <groupId>org.apache</groupId>
  <artifactId>apache</artifactId>
  <versioning>
    <release>7</release>
    <versions>
      <version>5</version>
      <version>6</version>
      <version>16</version>
      <version>4</version>
      <version>10</version>
      <version>14</version>
      <version>15</version>
      <version>9</version>
      <version>7</version>
    </versions>
    <lastUpdated>20160529082626</lastUpdated>
  </versioning>
</metadata>
